Nombre,Calle,Numero exterior,Numero interior,CÃ³digo postal,Colonia,Pais,Estado,Municipio,Entre calle,Instrucciones,Telefono,Email
Emiliano Zapataa,Medrano,788,,44400,Medrano,Mexico,JAL.,Guadalajara,,Estas son las instrucciones,3741107916 3741107916 3330058814 3741107916 ,Zapataa@Zapataa
Emiliano Zapataa,Medrano,788,,44400,Medrano,Mexico,JAL.,Guadalajara,,Estas son las instrucciones,3741107916 3741107916 3330058814 3741107916 ,Zapataa@Zapataa
Emiliano Zapataa,Medrano,788,,44400,Medrano,Mexico,JAL.,Guadalajara,,Estas son las instrucciones,3741107916 3741107916 3330058814 3741107916 ,Zapataa@Zapataa
Emiliano Zapataa,Medrano,788,,44400,Medrano,Mexico,JAL.,Guadalajara,,Estas son las instrucciones,3741107916 3741107916 3330058814 3741107916 ,Zapataa@Zapataa
Emiliano Zapataa,Medrano,788,,44400,Medrano,Mexico,JAL.,Guadalajara,,Estas son las instrucciones,3741107916 3741107916 3330058814 3741107916 ,Zapataa@Zapataa
Emiliano Zapataa,Medrano,788,,44400,Medrano,Mexico,JAL.,Guadalajara,,Estas son las instrucciones,3741107916 3741107916 3330058814 3741107916 ,Zapataa@Zapataa
Emiliano Zapataa,Medrano,788,,44400,Medrano,Mexico,JAL.,Guadalajara,,Estas son las instrucciones,3741107916 3741107916 3330058814 3741107916 ,Zapataa@Zapataa
Emiliano Zapataa,Medrano,788,,44400,Medrano,Mexico,JAL.,Guadalajara,,Estas son las instrucciones,3741107916 3741107916 3330058814 3741107916 ,Zapataa@Zapataa
Emiliano Zapataa,Medrano,788,,44400,Medrano,Mexico,JAL.,Guadalajara,,Estas son las instrucciones,3741107916 3741107916 3330058814 3741107916 ,Zapataa@Zapataa
Emiliano Zapataa,Medrano,788,,44400,Medrano,Mexico,JAL.,Guadalajara,,Estas son las instrucciones,3741107916 3741107916 3330058814 3741107916 ,Zapataa@Zapataa
Emiliano Zapataa,Medrano,788,,44400,Medrano,Mexico,JAL.,Guadalajara,,Estas son las instrucciones,3741107916 3741107916 3330058814 3741107916 ,Zapataa@Zapataa
Emiliano Zapataa,Medrano,788,,44400,Medrano,Mexico,JAL.,Guadalajara,,Estas son las instrucciones,3741107916 3741107916 3330058814 3741107916 ,Zapataa@Zapataa
Emiliano Zapataa,Medrano,788,,44400,Medrano,Mexico,JAL.,Guadalajara,,Estas son las instrucciones,3741107916 3741107916 3330058814 3741107916 ,Zapataa@Zapataa
